Datetime,Water Level (m)
2025-12-11 00:00:00,0.28256413
2025-12-11 01:00:00,0.34942904
2025-12-11 02:00:00,0.28272045
2025-12-11 03:00:00,0.15799022
2025-12-11 04:00:00,0.013402615
2025-12-11 05:00:00,-0.13707037
2025-12-11 06:00:00,-0.2866397
2025-12-11 07:00:00,-0.40879643
2025-12-11 08:00:00,-0.49377656
2025-12-11 09:00:00,-0.45324847
2025-12-11 10:00:00,-0.30559435
2025-12-11 11:00:00,-0.13439238
2025-12-11 12:00:00,0.031749398
2025-12-11 13:00:00,0.15318641
2025-12-11 14:00:00,0.17867894
2025-12-11 15:00:00,0.098281115
2025-12-11 16:00:00,-0.014686847
2025-12-11 17:00:00,-0.1398609
2025-12-11 18:00:00,-0.26841748
2025-12-11 19:00:00,-0.37786394
2025-12-11 20:00:00,-0.42138904
2025-12-11 21:00:00,-0.33299738
2025-12-11 22:00:00,-0.18855487
2025-12-11 23:00:00,-0.02258668
2025-12-12 00:00:00,0.14429544
2025-12-12 01:00:00,0.25928038
2025-12-12 02:00:00,0.28190958
2025-12-12 03:00:00,0.19758363
2025-12-12 04:00:00,0.076057434
2025-12-12 05:00:00,-0.059980735
2025-12-12 06:00:00,-0.20105317
2025-12-12 07:00:00,-0.33866313
2025-12-12 08:00:00,-0.442568
2025-12-12 09:00:00,-0.49716115
2025-12-12 10:00:00,-0.42975932
2025-12-12 11:00:00,-0.29180795
2025-12-12 12:00:00,-0.12856111
2025-12-12 13:00:00,0.028841045
2025-12-12 14:00:00,0.14817718
2025-12-12 15:00:00,0.18761598
2025-12-12 16:00:00,0.12469343
2025-12-12 17:00:00,0.016980661
2025-12-12 18:00:00,-0.10107419
2025-12-12 19:00:00,-0.22350799
2025-12-12 20:00:00,-0.32936746
2025-12-12 21:00:00,-0.37957516
2025-12-12 22:00:00,-0.31027102
2025-12-12 23:00:00,-0.18308172
2025-12-13 00:00:00,-0.04071657
2025-12-13 01:00:00,0.09772239
2025-12-13 02:00:00,0.18491729
2025-12-13 03:00:00,0.19553763
2025-12-13 04:00:00,0.1149552
2025-12-13 05:00:00,0.003367508
2025-12-13 06:00:00,-0.12166586
2025-12-13 07:00:00,-0.2523869
2025-12-13 08:00:00,-0.3751342
2025-12-13 09:00:00,-0.4678339
2025-12-13 10:00:00,-0.50760055
2025-12-13 11:00:00,-0.42798778
2025-12-13 12:00:00,-0.29025212
2025-12-13 13:00:00,-0.12668876
2025-12-13 14:00:00,0.03205391
2025-12-13 15:00:00,0.15437384
2025-12-13 16:00:00,0.200086
2025-12-13 17:00:00,0.14802693
2025-12-13 18:00:00,0.043716565
2025-12-13 19:00:00,-0.072043404
2025-12-13 20:00:00,-0.1929581
2025-12-13 21:00:00,-0.3003033
2025-12-13 22:00:00,-0.36435643
2025-12-13 23:00:00,-0.3295429
2025-12-14 00:00:00,-0.21968001
2025-12-14 01:00:00,-0.09312086
2025-12-14 02:00:00,0.033903774
2025-12-14 03:00:00,0.124330126
2025-12-14 04:00:00,0.14208724
2025-12-14 05:00:00,0.07256431
2025-12-14 06:00:00,-0.032143664
2025-12-14 07:00:00,-0.15203054
2025-12-14 08:00:00,-0.27857494
2025-12-14 09:00:00,-0.39685068
2025-12-14 10:00:00,-0.49074638
2025-12-14 11:00:00,-0.5246869
2025-12-14 12:00:00,-0.43106148
2025-12-14 13:00:00,-0.28676513
2025-12-14 14:00:00,-0.11414361
2025-12-14 15:00:00,0.05314393
2025-12-14 16:00:00,0.18068753
2025-12-14 17:00:00,0.2289285
2025-12-14 18:00:00,0.18101645
2025-12-14 19:00:00,0.07551535
2025-12-14 20:00:00,-0.042662863
2025-12-14 21:00:00,-0.16677336
2025-12-14 22:00:00,-0.2790868
2025-12-14 23:00:00,-0.35993943
2025-12-15 00:00:00,-0.3579876
2025-12-15 01:00:00,-0.25844413
2025-12-15 02:00:00,-0.13495407
2025-12-15 03:00:00,-0.0090816915
2025-12-15 04:00:00,0.09034321
2025-12-15 05:00:00,0.12102177
2025-12-15 06:00:00,0.057831604
2025-12-15 07:00:00,-0.045616325
2025-12-15 08:00:00,-0.16570167
2025-12-15 09:00:00,-0.2947918
2025-12-15 10:00:00,-0.4106042
2025-12-15 11:00:00,-0.5079262
2025-12-15 12:00:00,-0.52970785
2025-12-15 13:00:00,-0.4163069
2025-12-15 14:00:00,-0.26120344
2025-12-15 15:00:00,-0.08272957
2025-12-15 16:00:00,0.09067635
2025-12-15 17:00:00,0.21706022
2025-12-15 18:00:00,0.26635933
2025-12-15 19:00:00,0.21081766
2025-12-15 20:00:00,0.09792266
2025-12-15 21:00:00,-0.02887469
2025-12-15 22:00:00,-0.16081882
2025-12-15 23:00:00,-0.28349736
2025-12-16 00:00:00,-0.37720582
2025-12-16 01:00:00,-0.3871362
2025-12-16 02:00:00,-0.2838169
2025-12-16 03:00:00,-0.15197948
2025-12-16 04:00:00,-0.018016458
2025-12-16 05:00:00,0.08695435
2025-12-16 06:00:00,0.11529032
2025-12-16 07:00:00,0.040994775
2025-12-16 08:00:00,-0.066984765
2025-12-16 09:00:00,-0.19126979
2025-12-16 10:00:00,-0.32646805
2025-12-16 11:00:00,-0.44208938
2025-12-16 12:00:00,-0.5352383
2025-12-16 13:00:00,-0.5353802
2025-12-16 14:00:00,-0.4008959
2025-12-16 15:00:00,-0.23201978
2025-12-16 16:00:00,-0.04103945
2025-12-16 17:00:00,0.13688721
2025-12-16 18:00:00,0.26194614
2025-12-16 19:00:00,0.29855186
2025-12-16 20:00:00,0.22020392
2025-12-16 21:00:00,0.09687441
2025-12-16 22:00:00,-0.03974396
2025-12-16 23:00:00,-0.18112673
2025-12-17 00:00:00,-0.3134447
